provSize,Naive,Our Approach
1000,0.045504429,0.037797229
10000,7.956598653,0.255865475
100000,0.00000000,5.540637509
1000000,0.00000000,119.459607387